<?xml version="1.0"?>

<!--
-
- Sequel Pro XML dump
- Version 4541
-
- http://www.sequelpro.com/
- https://github.com/sequelpro/sequelpro
-
- Host: 127.0.0.1 (MySQL 5.6.38)
- Database: H2knO
- Generation Time Time: 2018-09-21 02:30:11 +0000
-
-->

<resultset statement="SELECT * FROM `usersDrinks` WHERE `userName` = 'roadhog' LIMIT 0,1000" xmlns:xsi="http://www.w3.org/2001/XMLSchema-instance">

	<row>
		<field name="id">116</field>
		<field name="userName">roadhog</field>
		<field name="drink">Water</field>
		<field name="amount">20</field>
		<field name="date">2018-09-20</field>
		<field name="hydrationLevel">30</field>
	</row>

	<row>
		<field name="id">117</field>
		<field name="userName">roadhog</field>
		<field name="drink">Beer</field>
		<field name="amount">12</field>
		<field name="date">2018-09-20</field>
		<field name="hydrationLevel">30</field>
	</row>

</resultset>
